Timestamp (UTC),Transaction Description,Currency,Amount,To Currency,To Amount,Native Currency,Native Amount,Native Amount (in USD),Transaction Kind,Transaction Hash
2025-12-31 03:02:09,CRO Pool Rewards,XRP,0.002773,,,EUR,0.00432711190855970467808803247604,0.0049370657572177128668278124983737753984,supercharger_reward_to_app_credited,
2025-12-31 01:49:46,DPoS non-compound interest received,CRO,0.60573044,,,EUR,0.04654591,0.0531070661576736,finance.dpos.non_compound_interest.crypto_wallet,
2025-12-31 00:52:06,CRO Pool Rewards,BARA,5613.96179074,,,EUR,0.00123181799201621547295586561812,0.0014054562387160935415905784732811885952,supercharger_reward_to_app_credited,
2025-12-30 02:48:09,CRO Pool Rewards,XRP,0.002773,,,EUR,0.004274782566412317446197204299,0.00487736002076506146923791056630316704,supercharger_reward_to_app_credited,
2025-12-30 00:44:02,CRO Pool Rewards,BARA,5613.96179074,,,EUR,0.00123094326704144935921045945973,0.0014044582116691484206761506672146221408,supercharger_reward_to_app_credited,
2025-12-29 02:49:07,CRO Pool Rewards,XRP,0.002773,,,EUR,0.00436669618643414704880739777163,0.0049822298729022433935884554166208255648,supercharger_reward_to_app_credited,
2025-12-29 01:21:06,DPoS non-compound interest received,CRO,0.91791096,,,EUR,0.07057057,0.0805182652949472,finance.dpos.non_compound_interest.crypto_wallet,
2025-12-29 00:42:10,CRO Pool Rewards,BARA,5613.96179074,,,EUR,0.00124641132050060906549472955483,0.0014221066567932425999515695078192094368,supercharger_reward_to_app_credited,
2025-12-28 02:53:19,CRO Pool Rewards,XRP,0.002773,,,EUR,0.00430501958291384498226668977736,0.0049118592761401801682581853443988518656,supercharger_reward_to_app_credited,
2025-12-28 00:43:09,CRO Pool Rewards,BARA,5613.96179074,,,EUR,0.00124564827380815716275529090676,0.0014212360503064978522481529580561600896,supercharger_reward_to_app_credited,
2025-12-27 02:47:09,CRO Pool Rewards,XRP,0.002773,,,EUR,0.00426436733391974217251188288441,0.0048654766471017095921016435072040026336,supercharger_reward_to_app_credited,
2025-12-27 00:47:05,CRO Pool Rewards,BARA,5613.96179074,,,EUR,0.00123970980940350128480004547986,0.0014144604942584358532666932987447262656,supercharger_reward_to_app_credited,
2025-12-26 02:47:07,CRO Pool Rewards,XRP,0.002773,,,EUR,0.00431321540131843475801518263304,0.0049212103849750665872023704715686461184,supercharger_reward_to_app_credited,
2025-12-26 00:47:06,CRO Pool Rewards,BARA,5613.96179074,,,EUR,0.00124123453359316576371653204515,0.001416200145033610659209147570105107344,supercharger_reward_to_app_credited,
2025-12-26 00:41:15,DPoS non-compound interest received,CRO,0.61527939,,,EUR,0.04673734,0.0533254803142464,finance.dpos.non_compound_interest.crypto_wallet,
2025-12-25 02:44:06,CRO Pool Rewards,XRP,0.002773,,,EUR,0.00432416866476050899799213791996,0.0049337076309470685164377477536099647616,supercharger_reward_to_app_credited,
2025-12-25 00:42:10,CRO Pool Rewards,BARA,5613.96179074,,,EUR,0.0012734628656329023416047338929,0.001452971413696867263263585122987721184,supercharger_reward_to_app_credited,
2025-12-24 02:45:09,CRO Pool Rewards,XRP,0.002773,,,EUR,0.00427085088714875960095835860022,0.0048728741282181004171186657485312674112,supercharger_reward_to_app_credited,
2025-12-24 00:56:54,DPoS non-compound interest received,CRO,0.61609755,,,EUR,0.04831687,0.0551276623793952,finance.dpos.non_compound_interest.crypto_wallet,
2025-12-24 00:39:13,CRO Pool Rewards,BARA,5613.96179074,,,EUR,0.00127498946433544233021982109884,0.0014547132032180520431122440919607412864,supercharger_reward_to_app_credited,
2025-12-23 02:43:12,CRO Pool Rewards,XRP,0.002773,,,EUR,0.00437712201494813783901196629521,0.0049941253362123616990114185156704450016,supercharger_reward_to_app_credited,
2025-12-23 00:40:08,CRO Pool Rewards,BARA,5613.96179074,,,EUR,0.00135306514401199911480665973873,0.0015437945056544687615489567098947299808,supercharger_reward_to_app_credited,
2025-12-22 02:42:09,CRO Pool Rewards,XRP,0.002773,,,EUR,0.00442762031256648235461831521571,0.0050517419223413537711483733620990886816,supercharger_reward_to_app_credited,
2025-12-22 00:36:10,CRO Pool Rewards,BARA,5613.96179074,,,EUR,0.00134762380783374247848721817815,0.001537586153504842338647555800271475024,supercharger_reward_to_app_credited,
2025-12-21 10:41:48,DPoS staking payment,CRO,-2251.9286204,,,EUR,180.43,205.8635860128,finance.dpos.staking.crypto_wallet,
2025-12-21 10:37:58,Received from Nancy M. Munoz Cardona,CRO,392.2,CRO,-392.2,EUR,31.41,35.8375837536,transfer.p2p_transfer.crypto_wallet.crypto_wallet.credit,
2025-12-21 10:36:21,Mystery Box Rewards,CRO,1.1,,,EUR,0.09,0.1026864864,rewards_platform_deposit_credited,
2025-12-21 02:47:06,CRO Pool Rewards,XRP,0.002773,,,EUR,0.00446455011861314529665986198724,0.0050938773893009681262965209264288581504,supercharger_reward_to_app_credited,
2025-12-21 00:38:05,CRO Pool Rewards,BARA,5613.96179074,,,EUR,0.00136285034375719061496456996132,0.0015549590365495342109529661090548300672,supercharger_reward_to_app_credited,
2025-12-20 02:45:07,CRO Pool Rewards,XRP,0.002773,,,EUR,0.00439322439713424237849073100234,0.0050124975256497064330354677955316086464,supercharger_reward_to_app_credited,
2025-12-20 00:41:14,CRO Pool Rewards,BARA,5613.96179074,,,EUR,0.00135219865044893306759314463933,0.0015428058703269191037768191971088105568,supercharger_reward_to_app_credited,
2025-12-19 05:00:57,CRO Pool Rewards,XRP,0.002773,,,EUR,0.00423098294777589106109099185485,0.004827386365838010529917796714061836656,supercharger_reward_to_app_credited,
2025-12-19 04:19:06,CRO Pool Rewards,XRP,0.002773,,,EUR,0.00423052490046956520922593998562,0.0048268637517436595719010293428953813952,supercharger_reward_to_app_credited,
2025-12-19 00:38:08,CRO Pool Rewards,BARA,5613.96179074,,,EUR,0.00127706996083914841149594487614,0.0014570869685061971771628883019877754944,supercharger_reward_to_app_credited,
2025-12-17 03:22:06,CRO Pool Rewards,XRP,0.002773,,,EUR,0.00445245384620856497210480135048,0.0050800760147258166507950673694529572608,supercharger_reward_to_app_credited,
2025-12-17 01:23:06,CRO Pool Rewards,BARA,5613.96179074,,,EUR,0.00134547562186224712139777126589,0.0015351351571765464633872376453902696544,supercharger_reward_to_app_credited,
2025-12-16 03:22:03,CRO Pool Rewards,XRP,0.002773,,,EUR,0.00429058248176759559563123385143,0.0048953871073567383676831843811120701728,supercharger_reward_to_app_credited,
2025-12-16 01:23:06,CRO Pool Rewards,BARA,5613.96179074,,,EUR,0.00139824814423612955239402285293,0.0015953465449658728407838546125409516128,supercharger_reward_to_app_credited,
2025-12-15 03:27:03,CRO Pool Rewards,XRP,0.002773,,,EUR,0.00461030559433905402415647567265,0.005260178696810457644893435673683389744,supercharger_reward_to_app_credited,
2025-12-15 01:25:13,CRO Pool Rewards,BARA,5613.96179074,,,EUR,0.00145817538464522005512449427428,0.0016637211867131795335060959066970121088,supercharger_reward_to_app_credited,
2025-12-14 03:04:10,CRO Pool Rewards,XRP,0.002773,,,EUR,0.00470550284310968490353051899742,0.0053687950411571554728296883445945607232,supercharger_reward_to_app_credited,
2025-12-14 01:09:04,CRO Pool Rewards,BARA,5613.96179074,,,EUR,0.00150122127209050620596230987568,0.0017128348637768051676407147995733334528,supercharger_reward_to_app_credited,
2025-12-13 03:13:03,CRO Pool Rewards,XRP,0.002773,,,EUR,0.00465338564777349264275377217528,0.0053093313559338660282292809447287570688,supercharger_reward_to_app_credited,
2025-12-13 01:20:07,CRO Pool Rewards,BARA,5613.96179074,,,EUR,0.00151013237001968034727040009735,0.001723002078624729707914769074656549456,supercharger_reward_to_app_credited,
2025-12-12 04:16:10,CRO Pool Rewards,XRP,0.002773,,,EUR,0.00468547343077462127262989073999,0.0053459422636311054308562218633941007904,supercharger_reward_to_app_credited,
2025-12-12 02:33:26,CRO Pool Rewards,BARA,5613.96179074,,,EUR,0.00153172899249536348798245041251,0.0017476429817373427207974050858098056096,supercharger_reward_to_app_credited,
2025-12-12 01:31:08,CRO Pool Rewards,BARA,5613.96179074,,,EUR,0.00153172899249536348798245041251,0.0017476429817373427207974050858098056096,supercharger_reward_to_app_credited,
2025-12-11 21:07:34,Card Cashback Reversal,CRO,-48.48251386,,,EUR,4.64,5.2940588544,card_cashback_reverted,
2025-12-11 21:07:34,Card Cashback,CRO,71.66235799,,,EUR,6.34,7.2336924864,referral_card_cashback,
2025-12-11 12:53:32,Card Cashback,CRO,0.09736299,,,EUR,0.01,0.0114096096,referral_card_cashback,
2025-12-11 10:00:10,Card Cashback,CRO,0.09737262,,,EUR,0.01,0.0114096096,referral_card_cashback,
2025-12-11 01:48:14,CRO Pool Rewards,XRP,0.002773,,,EUR,0.0047020788638158796983483974256,0.005364888414455075363872097941174104576,supercharger_reward_to_app_credited,
2025-12-10 12:46:25,Card Cashback Reversal,CRO,-0.09401655,,,EUR,0.01,0.0114096096,card_cashback_reverted,
2025-12-10 12:45:03,Card Cashback,CRO,0.0940345,,,EUR,0.01,0.0114096096,referral_card_cashback,
2025-12-10 12:44:44,Card Cashback,CRO,0.09401655,,,EUR,0.01,0.0114096096,referral_card_cashback,
2025-12-10 01:51:10,CRO Pool Rewards,BARA,5613.96179074,,,EUR,0.00162978918875003792380965297374,0.0018595258373938644695862685141852451904,supercharger_reward_to_app_credited,
2025-12-09 12:01:46,Card Cashback,CRO,18.83102216,,,EUR,1.71,1.9510432416,referral_card_cashback,
2025-12-09 10:25:49,Card Cashback,CRO,9.1434388,,,EUR,0.83,0.9469975968,referral_card_cashback,
2025-12-09 09:11:45,Card Cashback,CRO,7.90373588,,,EUR,0.72,0.8214918912,referral_card_cashback,
2025-12-09 08:21:52,Card Cashback,CRO,1.33148642,,,EUR,0.12,0.1369153152,referral_card_cashback,
2025-12-09 02:31:11,CRO Pool Rewards,BARA,5613.96179074,,,EUR,0.00160208555450555045516616740035,0.001827917072270785172654827316624040336,supercharger_reward_to_app_credited,
2025-12-09 01:30:19,CRO Pool Rewards,XPL,0.03916316,,,EUR,0.00525785158043518245230869355968,0.0059990033867508429885612812201983100928,supercharger_reward_to_app_credited,
2025-12-08 02:53:05,CRO Pool Rewards,BARA,5613.96179074,,,EUR,0.00162640853652266091412905148717,0.0018556686451830902583391601486909108832,supercharger_reward_to_app_credited,
2025-12-08 01:51:07,CRO Pool Rewards,XPL,0.03916316,,,EUR,0.00556170211967043228881093033095,0.006345684989693211307856716328893829712,supercharger_reward_to_app_credited,
2025-12-07 18:25:58,Card Cashback,CRO,2.34013619,,,EUR,0.22,0.2510114112,referral_card_cashback,
2025-12-07 15:04:28,Card Cashback,CRO,9.50492193,,,EUR,0.85,0.969816816,referral_card_cashback,
2025-12-07 02:46:08,CRO Pool Rewards,BARA,5613.96179074,,,EUR,0.00162255621021036752320682440832,0.0018512732912555827312308806554682191872,supercharger_reward_to_app_credited,
2025-12-07 01:53:03,CRO Pool Rewards,XPL,0.03916316,,,EUR,0.00577731814912585596999629737255,0.006591694461652059788348706646630125648,supercharger_reward_to_app_credited,
2025-12-06 19:38:54,Card Cashback,CRO,7.46579803,,,EUR,0.68,0.7758534528,referral_card_cashback,
2025-12-06 15:22:56,Card Cashback,CRO,31.63751021,,,EUR,2.89,3.2973771744,referral_card_cashback,
2025-12-06 15:06:01,Card Cashback,CRO,8.67935395,,,EUR,0.79,0.9013591584,referral_card_cashback,
2025-12-06 12:39:25,Card Cashback,CRO,1.41878202,,,EUR,0.13,0.1483249248,referral_card_cashback,
2025-12-06 11:11:16,Card Cashback,CRO,2.65553508,,,EUR,0.24,0.2738306304,referral_card_cashback,
2025-12-06 02:46:09,CRO Pool Rewards,BARA,5613.96179074,,,EUR,0.00164525693137921742125009862393,0.0018771739278730860329982369260538517728,supercharger_reward_to_app_credited,
2025-12-06 01:52:10,CRO Pool Rewards,XPL,0.03916316,,,EUR,0.0056932852116586918830714149016,0.006495816160647904283253369294687841536,supercharger_reward_to_app_credited,
2025-12-05 17:45:35,Card Cashback,CRO,1.81139093,,,EUR,0.17,0.1939633632,referral_card_cashback,
2025-12-05 15:48:23,Card Cashback,CRO,0.1872109,,,EUR,0.02,0.0228192192,referral_card_cashback,
2025-12-05 10:57:59,Card Cashback,CRO,0.18657243,,,EUR,0.02,0.0228192192,referral_card_cashback,
2025-12-05 10:56:51,Card Cashback,CRO,0.27991169,,,EUR,0.03,0.0342288288,referral_card_cashback,
2025-12-05 10:28:35,Card Cashback,CRO,0.93312737,,,EUR,0.09,0.1026864864,referral_card_cashback,
2025-12-05 03:36:10,CRO Pool Rewards,BARA,5613.96179074,,,EUR,0.00167019778599507837619946190169,0.0019056304692988191793837792028356480224,supercharger_reward_to_app_credited,
2025-12-05 02:40:07,CRO Pool Rewards,XPL,0.03916316,,,EUR,0.0062174974036580476132113166045,0.00709392180647519351649529247593426032,supercharger_reward_to_app_credited,
2025-12-05 02:40:07,CRO Pool Rewards,XPL,0.03916316,,,EUR,0.00621422761801291497550312781029,0.0070901911087065287628484251894311762784,supercharger_reward_to_app_credited,
2025-12-04 12:17:49,Card Cashback,CRO,0.09040019,,,EUR,0.01,0.0114096096,referral_card_cashback,
2025-12-04 12:06:03,Card Cashback,CRO,8.30995198,,,EUR,0.79,0.9013591584,referral_card_cashback,
2025-12-04 10:33:47,Card Cashback,CRO,0.09022625,,,EUR,0.01,0.0114096096,referral_card_cashback,
2025-12-04 07:03:49,Card Cashback,CRO,0.08956156,,,EUR,0.01,0.0114096096,referral_card_cashback,
2025-12-04 01:49:06,CRO Pool Rewards,BARA,5613.96179074,,,EUR,0.0017467097079692395800980454927,0.001992927585245903241778662879474664992,supercharger_reward_to_app_credited,
2025-12-03 13:03:53,Card Cashback,CRO,0.08876233,,,EUR,0.01,0.0114096096,referral_card_cashback,
2025-12-03 10:12:45,Card Cashback,CRO,0.08908353,,,EUR,0.01,0.0114096096,referral_card_cashback,
2025-12-03 07:21:44,Card Cashback,CRO,0.08938271,,,EUR,0.01,0.0114096096,referral_card_cashback,
2025-12-03 06:16:59,Card Cashback,CRO,3.218654,,,EUR,0.31,0.3536978976,referral_card_cashback,
2025-12-03 02:12:10,CRO Pool Rewards,XPL,0.03916316,,,EUR,0.00608250030178557527052442855164,0.0069398953835255596748098117037305839744,supercharger_reward_to_app_credited,
2025-12-02 17:49:31,Card Cashback,CRO,0.9769353,,,EUR,0.1,0.114096096,referral_card_cashback,
2025-12-02 16:30:40,Card Cashback,CRO,2.37622611,,,EUR,0.24,0.2738306304,referral_card_cashback,
2025-12-02 13:10:32,Card Cashback,CRO,2.72018046,,,EUR,0.26,0.2966498496,referral_card_cashback,
2025-12-02 12:21:34,Card Cashback,CRO,0.09022253,,,EUR,0.01,0.0114096096,referral_card_cashback,
2025-12-02 03:31:09,CRO Pool Rewards,XPL,0.03916316,,,EUR,0.00592389528069667858834871557713,0.0067589332464031518709737953396491988448,supercharger_reward_to_app_credited,
2025-12-01 21:52:11,Card Cashback,CRO,21.48991676,,,EUR,1.95,2.224873872,referral_card_cashback,
2025-12-01 21:19:59,Card Cashback,CRO,22.82936168,,,EUR,2.05,2.338969968,referral_card_cashback,
2025-12-01 03:31:03,CRO Pool Rewards,XPL,0.03916316,,,EUR,0.00620481538802636846547233478311,0.0070794521217453378696790419475785773856,supercharger_reward_to_app_credited,
2025-11-30 03:31:05,CRO Pool Rewards,XPL,0.03916316,,,EUR,0.00678731230706851536824535052811,0.0077440583656927080803279686540888925856,supercharger_reward_to_app_credited,
2025-11-29 03:30:05,CRO Pool Rewards,XPL,0.03916316,,,EUR,0.00734890244247261729166753816448,0.0083848107857099021988135943449817387008,supercharger_reward_to_app_credited,
2025-11-28 05:15:11,CRO Pool Rewards,XPL,0.03916316,,,EUR,0.00692270182299420210946346709692,0.0078985325177572149132474625038302562432,supercharger_reward_to_app_credited,
2025-11-27 09:13:59,Mystery Box Rewards,CRO,1.0,,,EUR,0.1,0.114096096,rewards_platform_deposit_credited,
2025-11-27 01:15:21,CRO Pool Rewards,XPL,0.03916316,,,EUR,0.00713035114009315691423487767262,0.0081354522819377828022960636948350809152,supercharger_reward_to_app_credited,
2025-11-26 02:31:07,CRO Pool Rewards,XPL,0.03916316,,,EUR,0.00708836702939146526910889853382,0.0080875500506868344292491472156898596672,supercharger_reward_to_app_credited,
2025-11-25 01:17:09,CRO Pool Rewards,XPL,0.03916316,,,EUR,0.0065403810774942299862140396262,0.007462319472943651039531557417387193152,supercharger_reward_to_app_credited,
2025-11-24 21:30:29,CRO Pool Rewards,XPL,0.03916316,,,EUR,0.00601904188456256339432393722091,0.0068674918068907115104486979625492056736,supercharger_reward_to_app_credited,
2025-11-24 19:51:47,CRO Pool Rewards,XPL,0.03916316,,,EUR,0.00600587548595418027946465005271,0.0068524694600947480476710554102040522016,supercharger_reward_to_app_credited,
2025-11-24 16:04:39,CRO Pool Rewards,XPL,0.03916316,,,EUR,0.00601904188456256339432393722091,0.0068674918068907115104486979625492056736,supercharger_reward_to_app_credited,
2025-11-24 15:02:10,CRO Pool Rewards,XPL,0.03916316,,,EUR,0.00600587548595418027946465005271,0.0068524694600947480476710554102040522016,supercharger_reward_to_app_credited,
2025-11-23 19:09:09,Received from Nancy M. Munoz Cardona,CRO,500.0,CRO,-500.0,EUR,45.76,52.2103735296,transfer.p2p_transfer.crypto_wallet.crypto_wallet.credit,
2025-11-23 19:08:14,Sent to Nancy,CRO,-500.0,CRO,500.0,EUR,-45.81,-52.2674215776,transfer.p2p_transfer.crypto_wallet.crypto_wallet.debit,
2025-11-23 19:06:34,Sent to Nancy,CRO,-193.3,CRO,193.3,EUR,-17.71,-20.2064186016,transfer.p2p_transfer.crypto_wallet.crypto_wallet.debit,
2025-11-23 19:05:03,Received from Nancy M. Munoz Cardona,CRO,193.3,CRO,-193.3,EUR,17.68,20.1721897728,transfer.p2p_transfer.crypto_wallet.crypto_wallet.credit,
2025-11-23 19:04:13,Supercharger Withdrawal (via app),CRO,1667.3,,,EUR,152.47557963594720620270204955361944,173.9686837179867748983528850526652077370624,supercharger_withdrawal,
2025-11-23 19:00:59,Sent to Nancy,CRO,-193.3,CRO,193.3,EUR,-17.64,-20.1265513344,transfer.p2p_transfer.crypto_wallet.crypto_wallet.debit,
2025-11-23 18:59:48,Received from Nancy M. Munoz Cardona,CRO,138.3,CRO,-138.3,EUR,12.62,14.3989273152,transfer.p2p_transfer.crypto_wallet.crypto_wallet.credit,
2025-11-23 18:58:29,Received from Nancy M. Munoz Cardona,CRO,55.0,CRO,-55.0,EUR,5.01,5.7162144096,transfer.p2p_transfer.crypto_wallet.crypto_wallet.credit,
2025-11-20 01:10:09,CRO Pool Rewards,XPL,0.03916316,,,EUR,0.00818674689302235594361608623598,0.0093407585943398045388899156232465273408,supercharger_reward_to_app_credited,
2025-11-19 01:11:07,CRO Pool Rewards,XPL,0.03916316,,,EUR,0.00817742241437669478116925893493,0.0093301197282327514791498675968863103328,supercharger_reward_to_app_credited,
2025-11-18 01:06:21,CRO Pool Rewards,XPL,0.03916316,,,EUR,0.00814185673622474023051032465541,0.0092895406779454463891536813087482627936,supercharger_reward_to_app_credited,
2025-11-17 01:11:08,CRO Pool Rewards,XPL,0.03916316,,,EUR,0.0074780347585410539980167951027,0.008532145717018369168989080636499890592,supercharger_reward_to_app_credited,
2025-11-16 01:06:36,CRO Pool Rewards,XPL,0.03916316,,,EUR,0.00744093749007602127727909143793,0.0084898191819771277095047783549483932128,supercharger_reward_to_app_credited,
2025-11-15 01:10:13,CRO Pool Rewards,XPL,0.03916316,,,EUR,0.00766629956150244144791415677229,0.0087469485073394046367559263085024997984,supercharger_reward_to_app_credited,
2025-11-14 01:08:14,CRO Pool Rewards,XPL,0.03916316,,,EUR,0.0079422700957856242552431762973,0.009061820113066857804461539461616653408,supercharger_reward_to_app_credited,
2025-11-13 01:09:10,CRO Pool Rewards,XPL,0.03916316,,,EUR,0.00865439022582472783939112561487,0.0098743213802715982673704244970226654752,supercharger_reward_to_app_credited,
2025-11-12 01:27:12,CRO Pool Rewards,XPL,0.03916316,,,EUR,0.00861764452066448218492240554333,0.0098323959652360874316119653542271183968,supercharger_reward_to_app_credited,
2025-11-12 00:30:25,CRO Pool Rewards,ETH,0.0000023,,,EUR,0.00669815584837083330947073125843,0.0076423343269868004087737026285203008928,supercharger_reward_to_app_credited,
2025-11-11 01:11:09,CRO Pool Rewards,XPL,0.03916316,,,EUR,0.0100787822621796310174800359163,0.011499497085487443498149798559896127648,supercharger_reward_to_app_credited,
2025-11-11 00:31:15,CRO Pool Rewards,ETH,0.0000023,,,EUR,0.00697587106096839035587456876017,0.0079591965425587131900933896121895729632,supercharger_reward_to_app_credited,
2025-11-10 01:12:32,CRO Pool Rewards,XPL,0.03916316,,,EUR,0.01049638150912604054337357193675,0.01197596152317869597936643227558333928,supercharger_reward_to_app_credited,
2025-11-10 00:32:11,CRO Pool Rewards,ETH,0.0000023,,,EUR,0.00702373493687267869735557418721,0.0080138073563597908843063653859903413216,supercharger_reward_to_app_credited,
2025-11-09 00:34:08,CRO Pool Rewards,ETH,0.0000023,,,EUR,0.00661413801093734707366385305074,0.0075464732545315660170207004940712391104,supercharger_reward_to_app_credited,
2025-11-08 05:26:03,Supercharger Deposit (via app),CRO,-129.8,,,EUR,13.98367655812972336105341075584982,15.9548290300931849705619261472687362430272,supercharger_deposit,
2025-11-08 00:33:06,CRO Pool Rewards,ETH,0.0000023,,,EUR,0.00664702970132204692200564098293,0.0075840013891689159252966012612991564128,supercharger_reward_to_app_credited,
2025-11-07 06:48:33,Card Cashback,CRO,14.03859305,,,EUR,1.57,1.7913087072,referral_card_cashback,
2025-11-07 06:04:02,Card Cashback,CRO,5.68577392,,,EUR,0.64,0.7302150144,referral_card_cashback,
2025-11-07 00:32:12,CRO Pool Rewards,ETH,0.0000023,,,EUR,0.00640965260484442192860735450167,0.0073131633892897922943088986552857248032,supercharger_reward_to_app_credited,
2025-11-06 14:55:43,Card Cashback,CRO,0.07998852,,,EUR,0.01,0.0114096096,referral_card_cashback,
2025-11-06 00:30:19,CRO Pool Rewards,ETH,0.0000023,,,EUR,0.00669837660925836532603485997994,0.0076425862065409693904234468361779231424,supercharger_reward_to_app_credited,
2025-11-05 20:10:44,Card Cashback,CRO,23.10097833,,,EUR,2.64,3.0121369344,referral_card_cashback,
2025-11-05 16:25:11,Card Cashback,CRO,4.26245628,,,EUR,0.46,0.5248420416,referral_card_cashback,
2025-11-05 12:06:55,Card Cashback,CRO,0.24369989,,,EUR,0.03,0.0342288288,referral_card_cashback,
2025-11-05 07:04:12,Card Cashback,CRO,0.08007691,,,EUR,0.01,0.0114096096,referral_card_cashback,
2025-11-05 00:34:10,CRO Pool Rewards,ETH,0.0000023,,,EUR,0.00634494466900774355033565905772,0.0072393341606979573286247818807289066112,supercharger_reward_to_app_credited,
2025-11-04 17:38:29,Card Cashback,CRO,4.16509639,,,EUR,0.46,0.5248420416,referral_card_cashback,
2025-11-04 09:20:53,Mystery Box Rewards,CRO,0.9,,,EUR,0.09,0.1026864864,rewards_platform_deposit_credited,
2025-11-04 09:10:57,Card Cashback,CRO,0.78588038,,,EUR,0.09,0.1026864864,referral_card_cashback,
2025-11-04 05:06:42,Card Cashback,CRO,12.01110622,,,EUR,1.4,1.597345344,referral_card_cashback,
2025-11-04 00:30:35,CRO Pool Rewards,ETH,0.0000023,,,EUR,0.00701850612033862094236256246319,0.0080078414808274284754740939360612270624,supercharger_reward_to_app_credited,
2025-11-03 16:58:53,Card Cashback,CRO,1.33092011,,,EUR,0.16,0.1825537536,referral_card_cashback,
2025-11-03 12:43:24,Card Cashback,CRO,0.07216778,,,EUR,0.01,0.0114096096,referral_card_cashback,
2025-11-03 06:57:00,Card Cashback,CRO,5.46892814,,,EUR,0.67,0.7644438432,referral_card_cashback,
2025-11-03 00:30:28,CRO Pool Rewards,ETH,0.0000023,,,EUR,0.0076421019268658248496644460581,0.008719339950894681311665002052317991776,supercharger_reward_to_app_credited,
2025-11-02 11:24:38,Card Cashback,CRO,1.08674776,,,EUR,0.14,0.1597345344,referral_card_cashback,
2025-11-02 11:13:36,Card Cashback,CRO,33.85517897,,,EUR,4.36,4.9745897856,referral_card_cashback,
2025-11-02 00:55:00,CRO Pool Rewards,ETH,0.0000023,,,EUR,0.00758228555163818186196431757663,0.0086510918019912295498813952679766383648,supercharger_reward_to_app_credited,
2025-11-01 06:40:43,Card Cashback Reversal,CRO,-48.47353312,,,EUR,4.64,5.2940588544,card_cashback_reverted,
2025-11-01 06:40:43,Card Cashback,CRO,71.04906748,,,EUR,9.2,10.496840832,referral_card_cashback,
2025-11-01 00:56:19,CRO Pool Rewards,ETH,0.0000023,,,EUR,0.00753929620013926471969787732039,0.0086020426302352476082806210174344019744,supercharger_reward_to_app_credited,
2025-10-31 22:23:42,Supercharger Deposit (via app),CRO,-193.8,,,EUR,23.70234822594492357334898800060255,27.043453986128416907374891764195966026448,supercharger_deposit,
2025-10-31 00:56:11,CRO Pool Rewards,ETH,0.0000023,,,EUR,0.00745046762209473982799287283757,0.0085006926905541315650969830659117912672,supercharger_reward_to_app_credited,
2025-10-30 00:54:22,CRO Pool Rewards,ETH,0.0000023,,,EUR,0.00764033096412874753259493486567,0.0087173193515500613483871481754723142432,supercharger_reward_to_app_credited,
2025-10-29 01:02:23,CRO Pool Rewards,ETH,0.0000023,,,EUR,0.00767255425135454475194096937649,0.0087540848642775626805375302831306318304,supercharger_reward_to_app_credited,
2025-10-28 00:57:14,CRO Pool Rewards,ETH,0.0000023,,,EUR,0.00794614714415487457058578399192,0.0090662436738962040787351438657736754432,supercharger_reward_to_app_credited,
2025-10-27 00:59:18,CRO Pool Rewards,ETH,0.0000023,,,EUR,0.00812101869017431502801540351441,0.0092657652809192290417068816885886074336,supercharger_reward_to_app_credited,
2025-10-26 00:58:27,CRO Pool Rewards,ETH,0.0000023,,,EUR,0.00768955517397879698335484648959,0.0087734822532758152257736496714152364064,supercharger_reward_to_app_credited,
2025-10-25 00:54:29,CRO Pool Rewards,ETH,0.0000023,,,EUR,0.00762212680943286093378269680083,0.0086965491217322540665552021732639255968,supercharger_reward_to_app_credited,
2025-10-24 00:54:30,CRO Pool Rewards,ETH,0.0000023,,,EUR,0.00754911175753071032283421671938,0.0086132417980195264794228378289918554048,supercharger_reward_to_app_credited,
2025-10-23 00:57:10,CRO Pool Rewards,ETH,0.0000023,,,EUR,0.00740456774690945941738004221104,0.0084483227248988538499349736459487209984,supercharger_reward_to_app_credited,
2025-10-22 00:57:14,CRO Pool Rewards,ETH,0.0000023,,,EUR,0.0074989100970023466761653423627,0.008555963663229490585890418140874860192,supercharger_reward_to_app_credited,
2025-10-21 00:59:10,CRO Pool Rewards,ETH,0.0000023,,,EUR,0.00772131769562084412289013620753,0.0088097220504605461064630877818741880288,supercharger_reward_to_app_credited,
2025-10-20 00:59:18,CRO Pool Rewards,ETH,0.0000023,,,EUR,0.00764186052755182960076730671138,0.0087190645237016419510478830020305677248,supercharger_reward_to_app_credited,
2025-10-19 00:56:23,CRO Pool Rewards,ETH,0.0000023,,,EUR,0.00751862634842620321900541868184,0.0085784591363816553139115127444341009664,supercharger_reward_to_app_credited,
2025-10-18 00:54:25,CRO Pool Rewards,ETH,0.0000023,,,EUR,0.00745993047180764981688245891135,0.008511489432646909070414034526654450896,supercharger_reward_to_app_credited,
2025-10-17 05:40:10,Card Cashback,CRO,1.5392177,,,EUR,0.2,0.228192192,referral_card_cashback,
2025-10-17 00:54:25,CRO Pool Rewards,ETH,0.0000023,,,EUR,0.00752727983502819121538452381161,0.0085883324267624066761686930572374047456,supercharger_reward_to_app_credited,
2025-10-16 14:46:20,Card Cashback,CRO,1.79442089,,,EUR,0.25,0.28524024,referral_card_cashback,
2025-10-16 00:55:05,CRO Pool Rewards,ETH,0.0000023,,,EUR,0.00771615331936823529886382710067,0.0088038296987735683400975590780544598432,supercharger_reward_to_app_credited,
2025-10-15 15:59:36,Card Cashback,CRO,0.67482345,,,EUR,0.1,0.114096096,referral_card_cashback,
2025-10-15 15:49:00,Card Cashback,CRO,1.7268004,,,EUR,0.24,0.2738306304,referral_card_cashback,
2025-10-15 07:29:23,Card Cashback,CRO,0.47479716,,,EUR,0.07,0.0798672672,referral_card_cashback,
2025-10-15 07:28:42,Card Cashback,CRO,0.17789883,,,EUR,0.03,0.0342288288,referral_card_cashback,
2025-10-15 00:49:27,CRO Pool Rewards,ETH,0.0000023,,,EUR,0.00799679562902021787167329609073,0.0091240316178107116422735207140435479008,supercharger_reward_to_app_credited,
2025-10-14 20:16:04,Mystery Box Rewards,CRO,2.5,,,EUR,0.34,0.3879267264,rewards_platform_deposit_credited,
2025-10-14 16:45:52,Card Cashback,CRO,1.86836973,,,EUR,0.27,0.3080594592,referral_card_cashback,
2025-10-13 09:30:53,Card Cashback,CRO,7.33504368,,,EUR,1.13,1.2892858848,referral_card_cashback,
2025-10-13 02:12:26,CRO Pool Rewards,ETH,0.0000023,,,EUR,0.00811674948379654813233662574359,0.0092608942831120140017570035515671602464,supercharger_reward_to_app_credited,
2025-10-13 00:40:22,CRO Pool Rewards,SOL,0.00003568,,,EUR,0.00590606335402746976514809801776,0.0067385877142320017696143484565175466496,supercharger_reward_to_app_credited,
2025-10-12 00:36:39,CRO Pool Rewards,SOL,0.00003568,,,EUR,0.00531166756431403797459571548227,0.0060604053233806065089711831485376421792,supercharger_reward_to_app_credited,
2025-10-11 19:34:06,Card Cashback,CRO,22.04479442,,,EUR,3.14,3.5826174144,referral_card_cashback,
2025-10-11 17:49:09,Card Cashback,CRO,2.31556744,,,EUR,0.34,0.3879267264,referral_card_cashback,
2025-10-11 13:01:54,Card Cashback,CRO,1.67862015,,,EUR,0.24,0.2738306304,referral_card_cashback,
2025-10-11 12:31:25,Card Cashback,CRO,8.57550961,,,EUR,1.23,1.4033819808,referral_card_cashback,
2025-10-11 00:37:11,CRO Pool Rewards,SOL,0.00003568,,,EUR,0.00560799999923410272071422364693,0.0063985090628061411049647124978559538528,supercharger_reward_to_app_credited,
2025-10-10 20:17:00,Card Cashback,CRO,9.49859676,,,EUR,1.54,1.7570798784,referral_card_cashback,
2025-10-10 00:36:30,CRO Pool Rewards,SOL,0.00003568,,,EUR,0.00672082050135333386546843130813,0.0076681938112117811063453722350180606048,supercharger_reward_to_app_credited,
2025-10-09 09:17:11,Card Cashback,CRO,2.94103069,,,EUR,0.49,0.5590708704,referral_card_cashback,
2025-10-09 00:40:28,CRO Pool Rewards,SOL,0.00003568,,,EUR,0.00689112694928474393767933122817,0.0078625068195377927564887899302508222432,supercharger_reward_to_app_credited,
2025-10-08 00:36:28,CRO Pool Rewards,SOL,0.00003568,,,EUR,0.00657186705696118662884810347184,0.0074982437463028101787896958314098993664,supercharger_reward_to_app_credited,
2025-10-07 20:01:28,Card Cashback,CRO,38.0279774,,,EUR,6.69,7.6330288224,referral_card_cashback,
2025-10-07 00:39:14,CRO Pool Rewards,SOL,0.00003568,,,EUR,0.00694310455460427729471028082263,0.0079218112380016686422788449292575145248,supercharger_reward_to_app_credited,
2025-10-06 13:29:29,Card Cashback,CRO,0.09344448,,,EUR,0.02,0.0228192192,referral_card_cashback,
2025-10-06 00:37:09,CRO Pool Rewards,SOL,0.00003568,,,EUR,0.00681645316662116875046152045112,0.0077773069487831286538485768169695082752,supercharger_reward_to_app_credited,
2025-10-05 12:11:04,Card Cashback,CRO,4.70740169,,,EUR,0.86,0.9812264256,referral_card_cashback,
2025-10-04 15:36:56,Card Cashback,CRO,5.92464214,,,EUR,1.07,1.2208282272,referral_card_cashback,
2025-10-04 01:09:17,CRO Pool Rewards,SOL,0.00003568,,,EUR,0.00687459750251347558981695756846,0.0078436473660813775218941221315893873216,supercharger_reward_to_app_credited,
2025-10-04 00:28:24,CRO Pool Rewards,BARA,174.15258021,,,EUR,0.00012217092754052086684160702141,0.0001393922587707231271316321150906941536,supercharger_reward_to_app_credited,
2025-10-03 13:45:43,Card Cashback,CRO,5.59300255,,,EUR,1.04,1.1865993984,referral_card_cashback,
2025-10-03 01:06:14,CRO Pool Rewards,SOL,0.00003568,,,EUR,0.00687180942272124527998675041161,0.0078404662758850778270491515369109407456,supercharger_reward_to_app_credited,
2025-10-03 00:29:24,CRO Pool Rewards,BARA,174.15258021,,,EUR,0.00012740363568992275945173598067,0.0001453625744842645339499017581717846432,supercharger_reward_to_app_credited,
2025-10-02 16:19:54,Card Cashback,CRO,6.74327157,,,EUR,1.3,1.483249248,referral_card_cashback,
2025-10-02 11:26:08,Card Cashback,CRO,0.04381607,,,EUR,0.01,0.0114096096,referral_card_cashback,
2025-10-02 09:21:35,Card Cashback,CRO,1.6691904,,,EUR,0.33,0.3765171168,referral_card_cashback,
2025-10-02 07:16:11,Card Cashback,CRO,0.18342242,,,EUR,0.03,0.0342288288,referral_card_cashback,
2025-10-02 01:07:10,CRO Pool Rewards,SOL,0.00003568,,,EUR,0.00657641519586033672518400227746,0.0075034329952273978158891954151329479616,supercharger_reward_to_app_credited,
2025-10-02 00:28:26,CRO Pool Rewards,BARA,174.15258021,,,EUR,0.00012393189996764947172959001884,0.0001414014595617133102080858883021044864,supercharger_reward_to_app_credited,
2025-10-01 14:15:46,Card Cashback,CRO,6.3008917,,,EUR,1.11,1.2664666656,referral_card_cashback,
2025-10-01 09:43:01,Card Cashback,CRO,0.04862645,,,EUR,0.01,0.0114096096,referral_card_cashback,
2025-10-01 09:39:30,Card Cashback,CRO,0.04844092,,,EUR,0.01,0.0114096096,referral_card_cashback,
2025-10-01 01:06:21,CRO Pool Rewards,SOL,0.00003568,,,EUR,0.00615280868164519635505890905722,0.0070201145001062376126565137344784261312,supercharger_reward_to_app_credited,
2025-10-01 00:28:16,CRO Pool Rewards,BARA,174.15258021,,,EUR,0.00012069824045173986270838561612,0.0001377119802961279474260278526184666752,supercharger_reward_to_app_credited,
2025-09-30 01:08:05,CRO Pool Rewards,SOL,0.00003568,,,EUR,0.00630930695199259650327074089222,0.0071986729168801468192644276682985877312,supercharger_reward_to_app_credited,
2025-09-30 00:24:32,CRO Pool Rewards,BARA,174.15258021,,,EUR,0.00011781648947493368800686805611,0.0001344240149351502366046566638925994656,supercharger_reward_to_app_credited,
2025-09-29 01:06:13,CRO Pool Rewards,SOL,0.00003568,,,EUR,0.00626644270069938107333159362518,0.0071497664795749585008342454609152529728,supercharger_reward_to_app_credited,
2025-09-29 00:27:34,CRO Pool Rewards,BARA,174.15258021,,,EUR,0.00012204322877140157880910648013,0.0001392465594605179659035537863113457248,supercharger_reward_to_app_credited,
2025-09-28 01:11:05,CRO Pool Rewards,SOL,0.00003568,,,EUR,0.0060554963225124241748712545181,0.006909084897410245098488314431375713376,supercharger_reward_to_app_credited,
2025-09-28 00:25:21,CRO Pool Rewards,BARA,174.15258021,,,EUR,0.00011786943155405583759746802121,0.0001344844197805698403588112070490619616,supercharger_reward_to_app_credited,
2025-09-27 01:07:06,CRO Pool Rewards,SOL,0.00003568,,,EUR,0.00610206708907224197418926604973,0.0069622203239322707122232802137953485408,supercharger_reward_to_app_credited,
2025-09-27 00:28:21,CRO Pool Rewards,BARA,174.15258021,,,EUR,0.00012018976852136861261898649834,0.0001371318336743185127676269493730448064,supercharger_reward_to_app_credited,
2025-09-26 01:03:36,CRO Pool Rewards,SOL,0.00003568,,,EUR,0.00582754809684273916030051062651,0.0066490048710198646413660644929130510496,supercharger_reward_to_app_credited,
2025-09-26 00:28:15,CRO Pool Rewards,BARA,174.15258021,,,EUR,0.00012048415119614002989582903932,0.0001374677128135330768043738006984249472,supercharger_reward_to_app_credited,
2025-09-25 01:00:56,CRO Pool Rewards,SOL,0.00003568,,,EUR,0.00626555018446933464492462581645,0.007148748153400309147034460199177575792,supercharger_reward_to_app_credited,
2025-09-25 00:25:25,CRO Pool Rewards,BARA,174.15258021,,,EUR,0.00012511951708833451163987301877,0.0001427564843318425492017606937739172192,supercharger_reward_to_app_credited,
2025-09-24 01:03:30,CRO Pool Rewards,SOL,0.00003568,,,EUR,0.00632109989429749896190817168481,0.0072121282036535729411777509973456350176,supercharger_reward_to_app_credited,
2025-09-24 00:24:30,CRO Pool Rewards,BARA,174.15258021,,,EUR,0.00012641635653938238125060843343,0.0001442361275168759995187801987903888928,supercharger_reward_to_app_credited,
2025-09-23 01:02:22,CRO Pool Rewards,SOL,0.00003568,,,EUR,0.00644235517648171567964012031769,0.0073504757468195477442892441321870873824,supercharger_reward_to_app_credited,
2025-09-23 00:25:31,CRO Pool Rewards,BARA,174.15258021,,,EUR,0.00012819995793558081411093426273,0.0001462711470781399038255931029013130208,supercharger_reward_to_app_credited,
2025-09-22 01:09:14,CRO Pool Rewards,SOL,0.00003568,,,EUR,0.0069419917836027719590844704714,0.007920541609731530953098098150140196544,supercharger_reward_to_app_credited,
2025-09-22 01:09:14,CRO Pool Rewards,SOL,0.00003568,,,EUR,0.0069419917836027719590844704714,0.007920541609731530953098098150140196544,supercharger_reward_to_app_credited,
2025-09-22 00:26:25,CRO Pool Rewards,BARA,174.15258021,,,EUR,0.00013236103170304828799813549907,0.0001510187697985004096007091572289863072,supercharger_reward_to_app_credited,
2025-09-21 09:32:10,Card Cashback,CRO,9.36804805,,,EUR,1.85,2.110777776,referral_card_cashback,
2025-09-21 00:24:39,CRO Pool Rewards,BARA,174.15258021,,,EUR,0.00014346278652688267895643325479,0.0001636854386399871271895038845611229984,supercharger_reward_to_app_credited,
2025-09-20 13:30:05,Card Cashback,CRO,0.38143162,,,EUR,0.08,0.0912768768,referral_card_cashback,
2025-09-20 01:00:56,CRO Pool Rewards,SOL,0.00003568,,,EUR,0.0071514697493757663085284192053,0.008159547790658733728114241363761525088,supercharger_reward_to_app_credited,
2025-09-20 00:27:27,CRO Pool Rewards,BARA,174.15258021,,,EUR,0.00014554530372659745328670609,0.0001660615094633902078355553356842464,supercharger_reward_to_app_credited,
2025-09-19 17:19:32,Card Cashback,CRO,12.56216333,,,EUR,2.53,2.8866312288,referral_card_cashback,
2025-09-19 16:40:01,Card Cashback,CRO,4.2832732,,,EUR,0.86,0.9812264256,referral_card_cashback,
2025-09-19 10:17:56,Card Cashback,CRO,0.04208605,,,EUR,0.01,0.0114096096,referral_card_cashback,
2025-09-19 06:58:49,Card Cashback,CRO,0.12691991,,,EUR,0.03,0.0342288288,referral_card_cashback,
2025-09-19 05:50:28,Card Cashback,CRO,7.33652473,,,EUR,1.49,1.7000318304,referral_card_cashback,
2025-09-19 01:04:17,CRO Pool Rewards,SOL,0.00003568,,,EUR,0.00734165893558416143484917301301,0.0083765462271366829915004898961299820896,supercharger_reward_to_app_credited,
2025-09-19 00:29:26,CRO Pool Rewards,BARA,174.15258021,,,EUR,0.00014673290668204994939552083849,0.0001674165180715421250302648755835553504,supercharger_reward_to_app_credited,
2025-09-18 03:36:20,CRO Pool Rewards,SOL,0.00003568,,,EUR,0.00721112526373667179477250687691,0.0082276124035932462381685624278858354336,supercharger_reward_to_app_credited,
2025-09-18 01:03:20,CRO Pool Rewards,SOL,0.00003568,,,EUR,0.00721187661003292183737374292617,0.0082284696603847081311749096078361323232,supercharger_reward_to_app_credited,
2025-09-18 00:26:19,CRO Pool Rewards,BARA,174.15258021,,,EUR,0.00014449760668854718015298319442,0.0001648661280450672116726406523693098432,supercharger_reward_to_app_credited,
2025-09-17 17:37:39,Card Cashback,CRO,1.11225345,,,EUR,0.22,0.2510114112,referral_card_cashback,
2025-09-17 00:24:15,CRO Pool Rewards,BARA,174.15258021,,,EUR,0.00014239892371642981408993234262,0.0001624716127064645284566707319707641152,supercharger_reward_to_app_credited,
2025-09-16 16:35:12,Card Cashback,CRO,3.93481135,,,EUR,0.78,0.8899495488,referral_card_cashback,
2025-09-16 01:04:24,CRO Pool Rewards,SOL,0.00003568,,,EUR,0.00696903500336453633878511913331,0.0079513968677124046110551547600557455776,supercharger_reward_to_app_credited,
2025-09-16 00:26:09,CRO Pool Rewards,BARA,174.15258021,,,EUR,0.00014415117802208880511051451247,0.0001644708664612133442841455442417031712,supercharger_reward_to_app_credited,
2025-09-15 21:03:29,Card Cashback,CRO,0.72850856,,,EUR,0.15,0.171144144,referral_card_cashback,
2025-09-15 20:58:03,Card Cashback,CRO,0.77042324,,,EUR,0.15,0.171144144,referral_card_cashback,
2025-09-15 16:50:28,Card Cashback,CRO,6.59407265,,,EUR,1.31,1.4946588576,referral_card_cashback,
2025-09-15 14:00:06,Card Cashback,CRO,0.59585654,,,EUR,0.12,0.1369153152,referral_card_cashback,
2025-09-15 11:04:05,Mystery Box Rewards,CRO,2.2,,,EUR,0.42,0.4792036032,rewards_platform_deposit_credited,
2025-09-15 01:04:29,CRO Pool Rewards,SOL,0.00003568,,,EUR,0.00717243473084878154027626603631,0.0081834680160465674010238871620036524576,supercharger_reward_to_app_credited,
2025-09-15 00:24:22,CRO Pool Rewards,BARA,174.15258021,,,EUR,0.00015576495717163305433332511609,0.0001777217350689053344398827844461578464,supercharger_reward_to_app_credited,
2025-09-14 01:20:16,CRO Pool Rewards,SOL,0.00003568,,,EUR,0.00728170054074274231681788179024,0.0083081360393983583868291545525587490304,supercharger_reward_to_app_credited,
2025-09-14 00:32:49,Card Cashback,CRO,0.27874581,,,EUR,0.06,0.0684576576,referral_card_cashback,
2025-09-14 00:25:12,CRO Pool Rewards,BARA,174.15258021,,,EUR,0.0001588775814496062969848139239,0.000181273117853220992229838400034310944,supercharger_reward_to_app_credited,
2025-09-13 01:21:14,CRO Pool Rewards,SOL,0.00003568,,,EUR,0.00723154513888564067549107216466,0.0082509106839462939153233421684197516736,supercharger_reward_to_app_credited,
2025-09-13 00:24:22,CRO Pool Rewards,BARA,174.15258021,,,EUR,0.00016444972684217346591575837286,0.0001876307182095840061577709522263835456,supercharger_reward_to_app_credited,
2025-09-12 13:07:13,Card Cashback,CRO,0.81251485,,,EUR,0.18,0.2053729728,referral_card_cashback,
2025-09-12 10:26:21,Card Cashback,CRO,0.03861835,,,EUR,0.01,0.0114096096,referral_card_cashback,
2025-09-12 07:32:22,Card Cashback,CRO,0.07659687,,,EUR,0.02,0.0228192192,referral_card_cashback,
2025-09-12 05:27:45,Card Cashback,CRO,4.45631022,,,EUR,0.99,1.1295513504,referral_card_cashback,
2025-09-12 00:59:27,CRO Pool Rewards,BARA,174.15258021,,,EUR,0.00016751147965778928337550232563,0.0001911240586413717322378251739330374048,supercharger_reward_to_app_credited,
2025-09-11 00:56:20,CRO Pool Rewards,BARA,174.15258021,,,EUR,0.00017241374406817658990255922758,0.0001967173509492210674647502827565352768,supercharger_reward_to_app_credited,
2025-09-10 19:34:46,Card Cashback,CRO,2.09055601,,,EUR,0.47,0.5362516512,referral_card_cashback,
2025-09-10 15:55:14,Card Cashback,CRO,1.4621645,,,EUR,0.33,0.3765171168,referral_card_cashback,
2025-09-10 13:24:34,Supercharger Deposit (via app),CRO,-143.3,,,EUR,30.58217340196903157828981986869463,34.8930659235970521598358680356128989916448,supercharger_deposit,
2025-09-10 05:11:07,Card Cashback,CRO,0.03834616,,,EUR,0.01,0.0114096096,referral_card_cashback,
2025-09-10 00:59:16,CRO Pool Rewards,BARA,174.15258021,,,EUR,0.00016370361678235659783455285703,0.0001867794357594696949276453489276915488,supercharger_reward_to_app_credited,
2025-09-09 10:47:32,Card Cashback,CRO,0.07978362,,,EUR,0.02,0.0228192192,referral_card_cashback,
2025-09-09 00:56:09,CRO Pool Rewards,BARA,174.15258021,,,EUR,0.00016126521133314468709613334422,0.0001839973103372676420081039127092616512,supercharger_reward_to_app_credited,
2025-09-08 23:09:43,Card Cashback,CRO,5.97990016,,,EUR,1.31,1.4946588576,referral_card_cashback,
2025-09-08 00:58:20,CRO Pool Rewards,BARA,174.15258021,,,EUR,0.0001698987179211163034048377748,0.000193847804302046061804434976180071808,supercharger_reward_to_app_credited,
2025-09-07 00:58:14,CRO Pool Rewards,BARA,174.15258021,,,EUR,0.0001730265604267769910913007194,0.000197416550490033485461441916455314624,supercharger_reward_to_app_credited,
2025-09-06 10:19:10,Card Cashback,CRO,1.3670638,,,EUR,0.32,0.3651075072,referral_card_cashback,
2025-09-06 09:44:19,Card Cashback,CRO,2.13200567,,,EUR,0.5,0.57048048,referral_card_cashback,
2025-09-06 00:55:07,CRO Pool Rewards,BARA,174.15258021,,,EUR,0.00017729180020722346709145473166,0.0002022830225645618859471945984313359936,supercharger_reward_to_app_credited,
2025-09-05 11:03:11,Card Cashback,CRO,1.28891271,,,EUR,0.3,0.342288288,referral_card_cashback,
2025-09-05 08:55:17,Card Cashback,CRO,3.59002539,,,EUR,0.84,0.9584072064,referral_card_cashback,
2025-09-04 15:43:40,Card Cashback,CRO,0.48415268,,,EUR,0.11,0.1255057056,referral_card_cashback,
2025-09-04 15:03:18,Card Cashback,CRO,0.44390502,,,EUR,0.1,0.114096096,referral_card_cashback,
2025-09-04 05:10:16,CRO Pool Rewards,BARA,174.15258021,,,EUR,0.000175661417921472230046885665,0.0002004228200266441602076355133486384,supercharger_reward_to_app_credited,
2025-09-03 15:34:19,Card Cashback,CRO,0.75593345,,,EUR,0.18,0.2053729728,referral_card_cashback,
2025-09-03 14:35:07,Card Cashback,CRO,0.28868168,,,EUR,0.07,0.0798672672,referral_card_cashback,
2025-09-03 09:19:21,Card Cashback,CRO,3.94073604,,,EUR,0.9,1.026864864,referral_card_cashback,
2025-09-02 10:56:36,Card Cashback,CRO,0.65595668,,,EUR,0.16,0.1825537536,referral_card_cashback,
2025-09-02 09:52:47,Card Cashback,CRO,12.74769292,,,EUR,3.02,3.4457020992,referral_card_cashback,
2025-09-01 12:38:24,Card Cashback,CRO,4.08156585,,,EUR,1.0,1.14096096,referral_card_cashback,
2025-09-01 12:35:13,Card Cashback,CRO,4.08435511,,,EUR,1.0,1.14096096,referral_card_cashback,
2025-08-30 19:29:20,Card Cashback,CRO,1.42407121,,,EUR,0.4,0.456384384,referral_card_cashback,
2025-08-30 10:20:12,Card Cashback,CRO,0.78363302,,,EUR,0.22,0.2510114112,referral_card_cashback,
2025-08-29 08:01:29,Card Cashback,CRO,0.09731227,,,EUR,0.03,0.0342288288,referral_card_cashback,
2025-08-27 16:51:01,Mystery Box Rewards,CRO,1.4,,,EUR,0.31,0.3536978976,rewards_platform_deposit_credited,
2025-08-27 14:05:57,Card Cashback,CRO,4.07409996,,,EUR,0.92,1.0496840832,referral_card_cashback,
2025-08-26 07:57:12,Card Cashback,CRO,0.12381081,,,EUR,0.02,0.0228192192,referral_card_cashback,
2025-08-25 16:50:20,Card Cashback,CRO,3.58968586,,,EUR,0.51,0.5818900896,referral_card_cashback,
2025-08-24 10:36:39,Card Cashback,CRO,0.75557793,,,EUR,0.1,0.114096096,referral_card_cashback,
2025-08-24 09:17:58,Card Cashback,CRO,0.54969915,,,EUR,0.08,0.0912768768,referral_card_cashback,
2025-08-23 19:23:56,Card Cashback,CRO,3.82748107,,,EUR,0.52,0.5932996992,referral_card_cashback,
2025-08-23 08:11:56,Card Cashback,CRO,0.57388874,,,EUR,0.08,0.0912768768,referral_card_cashback,
2025-08-22 18:25:46,Card Cashback,CRO,0.57386062,,,EUR,0.08,0.0912768768,referral_card_cashback,
2025-08-22 07:29:23,Card Cashback,CRO,0.2019016,,,EUR,0.03,0.0342288288,referral_card_cashback,
2025-08-21 13:55:41,Card Cashback,CRO,1.79133274,,,EUR,0.22,0.2510114112,referral_card_cashback,
2025-08-20 14:55:58,Card Cashback,CRO,17.73288572,,,EUR,2.22,2.5329333312,referral_card_cashback,
2025-08-20 07:31:35,Card Cashback,CRO,0.13753169,,,EUR,0.02,0.0228192192,referral_card_cashback,
2025-08-20 04:22:40,Card Cashback,CRO,2.01974326,,,EUR,0.25,0.28524024,referral_card_cashback,
2025-08-19 19:10:49,Card Cashback,CRO,0.77821844,,,EUR,0.1,0.114096096,referral_card_cashback,
2025-08-19 13:13:27,Card Cashback,CRO,1.08390678,,,EUR,0.14,0.1597345344,referral_card_cashback,
2025-08-18 15:12:50,Card Cashback,CRO,13.59197813,,,EUR,1.74,1.9852720704,referral_card_cashback,
2025-08-18 05:46:02,Card Cashback,CRO,0.06783972,,,EUR,0.01,0.0114096096,referral_card_cashback,
2025-08-17 11:40:48,Card Cashback,CRO,2.55790457,,,EUR,0.34,0.3879267264,referral_card_cashback,
2025-08-17 10:48:53,Card Cashback,CRO,0.96171233,,,EUR,0.13,0.1483249248,referral_card_cashback,
2025-08-16 19:34:50,Card Cashback,CRO,1.04273124,,,EUR,0.14,0.1597345344,referral_card_cashback,
2025-08-16 18:54:20,Card Cashback,CRO,4.98331519,,,EUR,0.65,0.741624624,referral_card_cashback,
2025-08-16 09:55:01,Card Cashback,CRO,3.93000922,,,EUR,0.52,0.5932996992,referral_card_cashback,
2025-08-14 17:21:59,Card Cashback,CRO,12.17838039,,,EUR,1.64,1.8711759744,referral_card_cashback,
2025-08-14 11:39:43,Card Cashback,CRO,0.96993776,,,EUR,0.14,0.1597345344,referral_card_cashback,
2025-08-14 10:56:47,Card Cashback Reversal,CRO,-0.06011593,,,EUR,0.01,0.0114096096,card_cashback_reverted,
2025-08-14 10:56:32,Card Cashback,CRO,0.06011593,,,EUR,0.01,0.0114096096,referral_card_cashback,
2025-08-14 07:41:33,Card Cashback,CRO,0.17788772,,,EUR,0.03,0.0342288288,referral_card_cashback,
2025-08-13 15:13:27,Card Cashback,CRO,2.59558436,,,EUR,0.38,0.4335651648,referral_card_cashback,
2025-08-13 09:18:27,Mystery Box Rewards,CRO,2.1,,,EUR,0.29,0.3308786784,rewards_platform_deposit_credited,
2025-08-13 09:18:17,Mystery Box Rewards,CRO,2.5,,,EUR,0.35,0.399336336,rewards_platform_deposit_credited,
2025-08-13 09:17:49,Mystery Box Rewards,CRO,2.4,,,EUR,0.34,0.3879267264,rewards_platform_deposit_credited,
2025-08-13 09:17:28,Mystery Box Rewards,CRO,0.8,,,EUR,0.11,0.1255057056,rewards_platform_deposit_credited,
2025-08-13 09:17:12,Mystery Box Rewards,CRO,3.1,,,EUR,0.43,0.4906132128,rewards_platform_deposit_credited,
2025-08-13 09:16:58,Mystery Box Rewards,CRO,3.1,,,EUR,0.44,0.5020228224,rewards_platform_deposit_credited,
2025-08-13 09:16:32,Mystery Box Rewards,CRO,2.8,,,EUR,0.39,0.4449747744,rewards_platform_deposit_credited,
2025-08-13 07:44:35,Supercharger Deposit (via app),CRO,-1394.2,,,EUR,195.53679930078775486026885089797818,223.0998542455541255416170139786540463118528,supercharger_deposit,
2025-08-13 07:43:50,Supercharger Withdrawal (via app),CRO,1391.7,,,EUR,194.924179861162343856425085288262,222.40087938160445456227686747857728825152,supercharger_withdrawal,
2025-08-13 06:09:46,Card Cashback,CRO,2.51500564,,,EUR,0.36,0.4107459456,referral_card_cashback,
2025-08-12 19:16:24,Supercharger Deposit (via app),CRO,-1391.7,,,EUR,192.80610208563762166488363104622386,219.9842353294871030268824259667853796805056,supercharger_deposit,
2025-08-12 07:31:05,Card Cashback,CRO,0.17653806,,,EUR,0.03,0.0342288288,referral_card_cashback,
2025-08-09 11:56:30,Card Cashback,CRO,5.45439369,,,EUR,0.78,0.8899495488,referral_card_cashback,
2025-08-08 07:55:49,Card Cashback,CRO,0.19494443,,,EUR,0.03,0.0342288288,referral_card_cashback,
2025-08-08 07:29:09,Card Cashback,CRO,0.06507578,,,EUR,0.01,0.0114096096,referral_card_cashback,
2025-08-07 07:23:58,Card Cashback,CRO,0.20386363,,,EUR,0.03,0.0342288288,referral_card_cashback,
2025-08-06 15:13:52,Card Cashback,CRO,2.22020277,,,EUR,0.28,0.3194690688,referral_card_cashback,
2025-08-06 11:09:10,Card Cashback,CRO,0.21110708,,,EUR,0.03,0.0342288288,referral_card_cashback,
2025-08-04 13:24:16,Card Cashback,CRO,5.07816795,,,EUR,0.61,0.6959861856,referral_card_cashback,
2025-08-04 07:31:06,Card Cashback,CRO,0.07269521,,,EUR,0.01,0.0114096096,referral_card_cashback,
2025-08-04 06:55:45,Card Cashback Reversal,CRO,-0.07295913,,,EUR,0.01,0.0114096096,card_cashback_reverted,
2025-08-04 06:54:44,Card Cashback,CRO,0.07295913,,,EUR,0.01,0.0114096096,referral_card_cashback,
2025-08-02 18:37:14,Card Cashback,CRO,3.75091632,,,EUR,0.42,0.4792036032,referral_card_cashback,
2025-08-02 18:08:39,Card Cashback,CRO,20.41362549,,,EUR,2.27,2.5899813792,referral_card_cashback,
2025-08-02 12:34:51,Card Cashback,CRO,0.52279903,,,EUR,0.06,0.0684576576,referral_card_cashback,
2025-08-01 11:58:36,Card Cashback,CRO,0.07200754,,,EUR,0.01,0.0114096096,referral_card_cashback,
2025-08-01 07:16:40,Card Cashback,CRO,0.14166189,,,EUR,0.02,0.0228192192,referral_card_cashback,
2025-08-01 05:13:05,Card Cashback,CRO,9.81903688,,,EUR,1.22,1.3919723712,referral_card_cashback,
2025-07-16 19:37:43,Card Cashback,CRO,36.23247392,,,EUR,3.44,3.9249057024,referral_card_cashback,
2025-07-15 20:02:19,Card Cashback,CRO,3.94093027,,,EUR,0.37,0.4221555552,referral_card_cashback,
2025-07-15 14:27:01,Card Cashback,CRO,48.48251386,,,EUR,4.64,5.2940588544,referral_card_cashback,
2025-07-15 14:23:46,Card Cashback,CRO,48.47353312,,,EUR,4.64,5.2940588544,referral_card_cashback,
2025-07-15 09:49:11,Card Cashback Reversal,CRO,-0.0943137,,,EUR,0.01,0.0114096096,card_cashback_reverted,
2025-07-15 09:48:34,Card Cashback,CRO,0.09439506,,,EUR,0.01,0.0114096096,referral_card_cashback,
2025-07-15 09:47:48,Card Cashback,CRO,0.0943137,,,EUR,0.01,0.0114096096,referral_card_cashback,
2025-07-15 05:03:00,Card Cashback,CRO,0.09344621,,,EUR,0.01,0.0114096096,referral_card_cashback,
2025-07-14 15:07:19,Card Cashback,CRO,1.79977062,,,EUR,0.17,0.1939633632,referral_card_cashback,
2025-07-06 20:30:38,Card Cashback,CRO,73.98790071,,,EUR,5.22,5.9558162112,referral_card_cashback,
2025-07-05 17:01:29,Card Cashback,CRO,15.46217907,,,EUR,1.08,1.2322378368,referral_card_cashback,
2025-07-05 07:37:12,Card Cashback,CRO,1.94442416,,,EUR,0.14,0.1597345344,referral_card_cashback,
2025-07-05 04:35:12,Card Cashback,CRO,23.27212802,,,EUR,1.64,1.8711759744,referral_card_cashback,
2025-07-02 14:48:44,Card Cashback,CRO,2.31643641,,,EUR,0.16,0.1825537536,referral_card_cashback,
2025-06-30 16:46:51,Card Cashback,CRO,10.49384672,,,EUR,0.74,0.8443111104,referral_card_cashback,
2025-06-27 05:50:11,Card Cashback,CRO,20.65523811,,,EUR,1.45,1.654393392,referral_card_cashback,
2025-06-13 07:56:29,Card Cashback,CRO,0.32262192,,,EUR,0.03,0.0342288288,referral_card_cashback,
2025-06-09 09:16:59,Card Cashback,CRO,2.4909676,,,EUR,0.22,0.2510114112,referral_card_cashback,
2025-06-07 16:34:57,Card Cashback,CRO,2.22149762,,,EUR,0.19,0.2167825824,referral_card_cashback,
2025-06-06 09:48:52,Card Cashback,CRO,16.50551973,,,EUR,1.46,1.6658030016,referral_card_cashback,
2025-06-06 09:31:44,Card Cashback,CRO,1.60053525,,,EUR,0.14,0.1597345344,referral_card_cashback,
2025-06-06 09:31:18,Card Cashback,CRO,9.70324493,,,EUR,0.86,0.9812264256,referral_card_cashback,
2025-06-06 05:07:31,Card Cashback,CRO,12.42312764,,,EUR,1.1,1.255057056,referral_card_cashback,
2025-06-06 04:53:23,Card Cashback,CRO,73.95747248,,,EUR,6.54,7.4618846784,referral_card_cashback,
2025-06-05 16:58:05,Card Cashback,CRO,1.95849107,,,EUR,0.18,0.2053729728,referral_card_cashback,
2025-06-05 11:35:33,Card Cashback,CRO,1.94433892,,,EUR,0.18,0.2053729728,referral_card_cashback,
2025-06-05 09:20:03,Card Cashback,CRO,4.95424631,,,EUR,0.45,0.513432432,referral_card_cashback,
2025-06-05 09:14:51,Card Cashback,CRO,4.28100876,,,EUR,0.39,0.4449747744,referral_card_cashback,
2025-06-05 09:02:03,Card Cashback,CRO,1.94745241,,,EUR,0.18,0.2053729728,referral_card_cashback,
2025-06-04 15:42:17,Card Cashback,CRO,25.89366417,,,EUR,2.38,2.7154870848,referral_card_cashback,
2025-06-04 09:48:57,Card Cashback,CRO,2.01043316,,,EUR,0.19,0.2167825824,referral_card_cashback,
2025-06-04 08:17:18,Card Cashback,CRO,9.70034725,,,EUR,0.89,1.0154552544,referral_card_cashback,
2025-06-03 15:43:28,Card Cashback,CRO,11.73773671,,,EUR,1.09,1.2436474464,referral_card_cashback,
2025-06-03 15:11:24,Card Cashback,CRO,10.40778579,,,EUR,0.97,1.1067321312,referral_card_cashback,
2025-05-06 08:21:51,Card Cashback,CRO,236.60750064,,,EUR,18.71,21.3473795616,referral_card_cashback,
2025-05-05 15:57:57,Card Cashback,CRO,2.91582412,,,EUR,0.23,0.2624210208,referral_card_cashback,
2025-05-03 19:20:00,Card Cashback,CRO,4.26431747,,,EUR,0.35,0.399336336,referral_card_cashback,
2025-05-03 09:53:13,Card Cashback,CRO,14.9315848,,,EUR,1.24,1.4147915904,referral_card_cashback,
2025-05-02 07:16:20,Card Cashback,CRO,0.32818467,,,EUR,0.03,0.0342288288,referral_card_cashback,
2025-05-02 07:07:00,Card Cashback,CRO,19.87668302,,,EUR,1.62,1.8483567552,referral_card_cashback,
2025-04-30 16:22:08,Card Cashback,CRO,5.51681602,,,EUR,0.44,0.5020228224,referral_card_cashback,
2025-04-30 11:56:56,Card Cashback,CRO,0.10932242,,,EUR,0.01,0.0114096096,referral_card_cashback,
2025-04-30 08:45:36,Card Cashback,CRO,0.11038329,,,EUR,0.01,0.0114096096,referral_card_cashback,
2025-04-30 08:24:02,Card Cashback,CRO,12.02099841,,,EUR,0.96,1.0953225216,referral_card_cashback,
2025-04-30 06:27:59,Card Cashback,CRO,0.10883762,,,EUR,0.01,0.0114096096,referral_card_cashback,
2025-04-29 12:57:27,Card Cashback,CRO,0.10733914,,,EUR,0.01,0.0114096096,referral_card_cashback,
2025-04-29 11:53:53,Card Cashback,CRO,0.5326316,,,EUR,0.04,0.0456384384,referral_card_cashback,
2025-04-29 09:00:55,Card Cashback,CRO,16.04690629,,,EUR,1.33,1.5174780768,referral_card_cashback,
2025-04-29 08:32:58,Card Cashback,CRO,0.10666417,,,EUR,0.01,0.0114096096,referral_card_cashback,
2025-04-29 06:31:41,Card Cashback,CRO,0.10752731,,,EUR,0.01,0.0114096096,referral_card_cashback,
2025-04-29 03:20:18,Card Cashback,CRO,15.89502259,,,EUR,1.29,1.4718396384,referral_card_cashback,
2025-04-26 08:59:26,Card Cashback,CRO,13.69462752,,,EUR,1.13,1.2892858848,referral_card_cashback,
2025-04-25 16:37:23,Card Cashback,CRO,8.18087359,,,EUR,0.68,0.7758534528,referral_card_cashback,
2025-04-25 11:17:34,Card Cashback,CRO,0.10642271,,,EUR,0.01,0.0114096096,referral_card_cashback,
2025-04-25 07:52:52,Card Cashback,CRO,0.21550045,,,EUR,0.02,0.0228192192,referral_card_cashback,
2025-04-25 06:40:46,Card Cashback,CRO,0.10829532,,,EUR,0.01,0.0114096096,referral_card_cashback,
2025-04-25 05:43:32,Card Cashback,CRO,7.90168061,,,EUR,0.65,0.741624624,referral_card_cashback,
2025-04-24 10:43:37,Card Cashback,CRO,2.41570527,,,EUR,0.19,0.2167825824,referral_card_cashback,
2025-04-24 10:06:50,Card Cashback,CRO,1.32638363,,,EUR,0.11,0.1255057056,referral_card_cashback,
2025-04-24 08:16:38,Card Cashback,CRO,0.11018668,,,EUR,0.01,0.0114096096,referral_card_cashback,
2025-04-24 05:30:42,Card Cashback,CRO,0.10954826,,,EUR,0.01,0.0114096096,referral_card_cashback,
2025-04-23 21:26:14,Referral Bonus Reward,CRO,272.17038986,,,EUR,21.96,25.0555026816,referral_bonus,
2025-04-23 21:23:23,Referral Bonus: Referrer Deposit And Purchase Bonus,CRO,43.46508861,,,EUR,3.51,4.0047729696,referral_bonus,
2025-04-23 21:23:23,Referral Bonus: Referrer Purchase Bonus,CRO,10.86627215,,,EUR,0.88,1.0040456448,referral_bonus,
2025-04-23 17:34:28,Card Cashback,CRO,1.95701513,,,EUR,0.16,0.1825537536,referral_card_cashback,
2025-04-23 12:04:42,Card Cashback,CRO,0.10803393,,,EUR,0.01,0.0114096096,referral_card_cashback,
2025-04-23 08:43:08,Card Cashback,CRO,0.10531864,,,EUR,0.01,0.0114096096,referral_card_cashback,
2025-04-22 19:48:24,Welcome Bonus Reward,CRO,169.59200803,,,EUR,12.98,14.8096732608,rewards_platform_deposit_credited,
2025-04-22 19:36:59,Cardholder CRO Stake,CRO,-5487.0,,,EUR,449.9,513.318335904,finance.lockup.dpos_lock.crypto_wallet,
2025-04-22 19:36:40,Bought CRO,CRO,5487.0,,,EUR,450.0,513.432432,crypto_purchase,
